ly-02-15	마지막에는 배우기만 하거나 생각만 할 때 각각 무엇이 부족한지 짚습니다.	마지막에는 배우기만 하거나 생각만 할 때 생기는 문제를 각각 살펴봅니다.	까닭·부족점을 ‘짚다’로 처리한 상투적 해설 동사 제거
ly-05-01	주석은 억울하게 옥살이를 했다는 사정뿐 아니라 평소의 행실까지 살펴, 공자님이 그를 사위로 삼으신 까닭을 짚습니다.	주석은 억울하게 옥살이를 했다는 사정뿐 아니라 평소의 행실까지 살펴, 공자님이 그를 사위로 삼으신 까닭을 설명합니다.	까닭에는 직접적인 설명 동사가 자연스러움
ly-05-04	말수가 적은 모습과 막힘없이 응수하는 모습을 비교하며, 공자님이 말재주를 경계하신 까닭을 짚습니다.	말수가 적은 모습과 막힘없이 응수하는 모습을 비교하며, 공자님이 왜 말재주를 경계하셨는지 살펴봅니다.	‘까닭을 짚다’를 직접 의문형 서술로 전환
ly-05-18	이어 공자님이 그의 충성은 인정하면서도 어질다고 단정하지 않으신 까닭을 짚습니다.	이어 공자님이 그의 충성은 인정하면서도 어질다고 단정하지 않으신 이유를 살펴봅니다.	‘까닭을 짚다’ 상투 표현 제거
ly-07-08	주석은 받아들일 준비가 되었을 때 가르치는 것과 너무 일찍 답을 주는 것이 어떻게 다른지 짚습니다.	주석은 받아들일 준비가 되었을 때 가르치는 것과 너무 일찍 답을 주는 것이 어떻게 다른지 비교합니다.	차이를 다루는 문맥이므로 ‘비교합니다’가 정확함
ly-07-20	이 주석은 괴이한 일과 힘자랑, 난리, 귀신을 말하지 않으신 이유를 짚습니다.	이 주석은 괴이한 일과 힘자랑, 난리, 귀신을 말하지 않으신 이유를 설명합니다.	이유를 ‘짚다’ 대신 직접 설명
ly-08-04	주석가는 이를 제기를 다루는 실무와 구별하며, 맹경자가 무엇을 중요하게 여겼어야 했는지 짚습니다.	주석가는 이를 제기를 다루는 실무와 구별하며, 맹경자가 무엇을 중요하게 여겼어야 했는지 살펴봅니다.	판단 대상을 ‘짚다’보다 ‘살펴보다’가 자연스러움
ly-08-16	첸무는 솔직함·성실함·믿음직함까지 잃은 경우를 하나씩 들어 이 구절의 뜻을 짚습니다.	첸무는 솔직함·성실함·믿음직함까지 잃은 경우를 하나씩 들어 이 구절을 어떻게 읽어야 하는지 설명합니다.	‘뜻을 짚다’ 대신 실제 해석 행위를 명시
ly-09-15	리링은 당시 교류가 남성 중심이었다고 설명하며, 집 안팎에서 섬길 사람을 언급한 구절의 뜻을 짚습니다.	리링은 당시 교류가 남성 중심이었다고 설명하며, 집 안팎에서 섬길 사람을 언급한 구절을 어떻게 읽는지 설명합니다.	‘뜻을 짚다’ 대신 해석 내용을 직접 서술
ly-11-12	주석가는 그 힘을 어떻게 쓰는지 살펴, 공자님이 강함을 칭찬하면서도 걱정하신 까닭을 짚습니다.	주석가는 그 힘을 어떻게 쓰는지 살펴, 공자님이 강함을 칭찬하면서도 걱정하신 이유를 설명합니다.	까닭에는 설명 동사가 더 자연스러움
ly-11-16	첸무는 『맹자』의 기록과 당시 노나라 정치를 함께 들어 이 충돌의 배경을 짚습니다.	첸무는 『맹자』의 기록과 당시 노나라 정치를 함께 들어 이 충돌이 벌어진 배경을 살펴봅니다.	‘배경을 짚다’ 해설투를 직접 서술로 전환
ly-12-02	정약용은 길 가는 사람을 만나거나 백성에게 일을 맡길 때 어떤 태도를 가져야 하는지 말하며 비유의 뜻을 짚습니다.	정약용은 길 가는 사람을 만나거나 백성에게 일을 맡길 때 어떤 태도를 가져야 하는지 말하며 비유가 무엇을 뜻하는지 설명합니다.	‘뜻을 짚다’ 대신 의미를 직접 설명
ly-14-03	이어 당시에는 여행이 얼마나 어려웠는지, 공자님이 실제로 어느 지역을 다니셨다고 보는지 짚습니다.	이어 당시 여행의 어려움과 공자님이 실제로 다니셨다고 보는 지역을 살펴봅니다.	두 대상을 ‘짚다’로 묶은 해설투를 정리
ly-14-11	정약용은 두 일의 어려움을 비교한 이 말이 특히 누구에게 경고하는 것인지 짚습니다.	정약용은 두 일의 어려움을 비교한 이 말이 특히 누구를 향한 경고인지 살펴봅니다.	‘누구에게 경고하는지 짚다’의 상투성 제거
ly-14-14	왕충은 이를 들은 공자님이 되물으신 말을 살펴, 전해 들은 이야기를 곧바로 확인하기 어렵다는 문제를 짚습니다.	왕충은 이를 들은 공자님이 되물으신 말을 살펴, 전해 들은 이야기는 곧바로 확인하기 어렵다고 봅니다.	‘문제를 짚다’ 메타 해설 대신 판단을 직접 제시
ly-14-34	주석가는 말재주와 고집의 뜻을 푼 뒤, 어른에게 예를 갖추면서도 곧게 말한 태도를 짚습니다.	주석가는 말재주와 고집의 뜻을 푼 뒤, 어른에게 예를 갖추면서도 곧게 말한 태도에 주목합니다.	‘태도를 짚다’보다 ‘주목하다’가 의미에 맞음
ly-14-45	이 주석은 공자님이 백성을 편안하게 하는 일까지 말씀하신 뜻과, 요순조차 어려워했다는 까닭을 짚습니다.	이 주석은 공자님이 백성을 편안하게 하는 일까지 말씀하신 뜻과 요순조차 그 일을 어려워한 이유를 함께 설명합니다.	뜻·까닭을 한꺼번에 ‘짚다’로 처리한 해설투 제거
ly-15-07	이 주석은 억지로 이끌 때 생기는 혼란과 의심을 들어, 사람을 가려 말하는 까닭을 짚습니다.	이 주석은 억지로 이끌 때 생기는 혼란과 의심을 들어, 사람을 가려 말해야 하는 이유를 설명합니다.	‘까닭을 짚다’ 대신 이유를 직접 설명
ly-15-10	공자님이 소무를 첫째로 꼽으셨다는 말과 그것만 남기려 하셨다는 해석은 어떻게 다른지 짚습니다.	공자님이 소무를 첫째로 꼽으셨다는 말과 그것만 남기려 하셨다는 해석의 차이를 비교합니다.	차이를 ‘짚다’ 대신 비교 행위를 직접 명시
ly-15-18	남에게 알려지려 하지 않으면서도 이름이 남지 않을까 걱정하는 까닭을 짚습니다.	남에게 알려지려 하지 않으면서도 이름이 남지 않을까 걱정하는 이유를 살펴봅니다.	‘까닭을 짚다’ 상투 표현 제거
ly-17-08	이 주석은 좋은 마음이 어떻게 어리석음이나 과격함으로 흐를 수 있는지 짚습니다.	이 주석은 좋은 마음도 배움이 없으면 어리석음이나 과격함으로 흐를 수 있다고 봅니다.	메타 해설을 실제 판단 내용으로 직접 전환
ly-17-19	정약용은 말로 가르치는 대신 행동으로 보여 주려는 뜻을 짚습니다.	정약용은 공자님이 말보다 행동으로 보여 주려 하셨다고 봅니다.	‘뜻을 짚다’ 대신 해석을 직접 제시
ly-17-23	뒤의 주석에서는 의 없이 용기만 앞세우면 왜 위험한지 짚습니다.	뒤의 주석에서는 의 없이 용기만 앞세울 때 생기는 위험을 설명합니다.	‘왜 위험한지 짚다’를 직접 설명으로 전환
ly-19-06	널리 배우고 뜻을 굳게 지키며, 자세히 묻고 자신에게서부터 생각하라는 말을 하나씩 짚습니다.	널리 배우고 뜻을 굳게 지키며, 자세히 묻고 자신에게서부터 생각하라는 네 가지 말을 차례로 살펴봅니다.	‘하나씩 짚다’ 상투 표현 제거
ly-19-19	이어 당시 백성의 처지를 살펴, 증자가 범죄 사실을 밝혀도 기뻐하지 말라고 한 까닭을 짚습니다.	이어 당시 백성의 처지를 살펴, 증자가 범죄 사실을 밝혀도 기뻐하지 말라고 한 이유를 설명합니다.	‘까닭을 짚다’ 대신 이유를 직접 설명
